anime_id,user_id,rating
1535,531821,9
1535,398677,10
1535,50923,5
1535,866073,8
1535,571925,10
1535,452718,8
1535,39629,9
1535,168211,9
1535,236763,10
1535,15795,10
1535,328873,8
1535,457309,10
1535,643637,9
1535,375968,10
1535,260776,8
1535,670048,10
1535,90448,7
1535,301491,9
1535,732002,10
1535,336723,10
1535,500746,9
1535,524715,9
1535,787298,10
1535,604918,10
1535,560598,9
1535,602580,9
1535,494127,10
1535,467440,8
1535,190682,10
1535,118840,8
1535,611307,8
1535,840713,10
1535,84484,9
1535,283975,8
1535,19919,10
1535,259250,9
1535,524216,8
1535,577823,9
1535,866128,8
1535,671849,9
1535,431583,8
1535,844516,8
1535,522349,4
1535,306873,10
1535,83931,7
1535,439884,8
1535,541567,10
1535,140963,7
1535,678725,8
1535,817410,6
1535,526922,10
1535,707235,10
1535,1002,9
1535,330742,10
1535,48565,10
1535,341994,10
1535,761361,8
1535,350348,7
1535,816847,10
1535,568287,10
1535,805236,9
1535,678841,9
1535,833964,10
1535,465881,9
1535,560789,7
1535,535428,9
1535,799237,10
1535,245440,9
1535,355733,8
1535,130520,8
1535,513294,8
1535,450894,9
1535,315546,7
1535,676796,10
1535,259454,8
1535,852414,10
1535,371262,9
1535,69047,9
1535,326484,8
1535,236467,8
1535,127301,9
1535,517353,9
1535,139597,9
1535,347215,8
1535,672330,8
1535,293920,8
1535,302813,10
1535,369224,9
1535,192869,10
1535,589770,9
1535,33941,8
1535,276678,7
1535,332604,6
1535,107860,9
1535,580495,6
1535,379316,8
1535,551695,9
1535,102884,8
1535,204024,10
1535,854861,9
1535,155159,8
1535,262667,9
1535,340409,10
1535,517913,7
1535,523562,9
1535,719391,6
1535,137597,7
1535,8168,8
1535,454552,8
1535,32114,9
1535,552168,9
1535,530455,8
1535,323835,8
1535,64837,10
1535,478716,8
1535,126102,10
1535,623901,8
1535,70518,10
1535,752978,10
1535,276540,9
1535,262495,8
1535,476637,10
1535,681606,8
1535,626008,10
1535,279041,8
1535,574734,9
1535,709025,9
1535,163422,8
1535,455039,9
1535,556747,8
1535,271221,10
1535,511243,7
1535,341261,10
1535,211832,10
1535,187635,10
1535,7959,7
1535,315023,8
1535,691643,9
1535,81237,8
1535,788364,9
1535,726769,10
1535,280690,9
1535,264682,9
1535,460880,8
1535,480663,9
1535,426441,9
1535,531777,10
1535,536780,10
1535,368883,8
1535,347300,7
1535,543692,10
1535,52091,9
1535,465312,9
1535,337280,10
1535,321486,10
1535,167390,10
1535,709537,9
1535,570195,8
1535,555974,10
1535,115627,8
1535,788463,8
1535,469861,10
1535,222180,9
1535,211970,9
1535,164346,9
1535,304496,10
1535,462123,10
1535,403122,8
1535,201722,8
1535,523539,9
1535,627824,9
1535,508982,10
1535,292365,9
1535,325236,10
1535,476430,10
1535,301205,9
1535,193408,7
1535,582266,8
1535,310139,8
1535,372786,10
1535,571020,8
1535,361684,10
1535,79295,9
1535,150716,9
1535,452356,9
1535,26946,9
1535,208656,10
1535,780470,7
1535,52669,8
1535,664727,7
1535,562701,8
1535,871153,8
1535,282918,8
1535,338816,4
1535,732918,9
1535,318322,9
1535,386864,8
1535,801327,7
1535,688198,8
1535,134172,10
1535,479169,10
1535,666838,10
1535,779033,8
1535,90186,10
1535,671363,7
1535,136951,10
1535,508264,9
1535,791901,9
1535,79341,6
1535,295053,8
1535,749597,10
1535,360998,9
1535,130778,10
1535,851811,8
1535,426819,9
1535,867096,7
1535,276167,9
1535,519544,7
1535,58197,6
1535,581963,10
1535,626116,8
1535,129449,10
1535,327973,8
1535,596122,9
1535,309219,8
1535,710254,9
1535,185406,8
1535,508903,10
1535,739127,9
1535,530401,10
1535,645361,9
1535,536512,9
1535,42664,6
1535,715510,8
1535,91107,9
1535,362822,10
1535,56434,9
1535,341463,8
1535,613998,10
1535,279008,9
1535,597755,9
1535,422323,10
1535,557071,9
1535,327954,8
1535,538161,9
1535,406192,9
1535,587249,9
1535,397169,10
1535,135667,10
1535,410484,10
1535,116525,8
1535,763421,7
1535,289846,7
1535,274059,9
1535,210689,7
1535,434000,10
1535,531901,10
1535,226742,9
1535,454924,7
1535,854183,9
1535,266587,9
1535,269479,7
1535,643788,10
1535,127288,9
1535,182665,9
1535,581812,8
1535,477301,9
1535,129727,8
1535,559446,8
1535,550454,9
1535,207983,10
1535,656091,8
1535,234339,8
1535,166316,6
1535,643634,10
1535,842842,9
1535,204679,10
1535,48574,10
1535,695210,8
1535,241398,9
1535,187633,10
1535,76339,9
1535,807786,10
1535,446790,9
1535,535582,9
1535,117985,6
1535,454492,10
1535,550642,10
1535,754624,7
1535,762638,6
1535,456105,3
1535,482110,7
1535,208781,10
1535,486119,10
1535,231672,9
1535,330904,9
1535,605688,10
1535,542097,9
1535,444737,7
1535,469030,9
1535,214270,9
1535,110812,9
1535,160130,8
1535,175864,9
1535,667441,7
1535,119973,10
1535,609498,9
1535,63905,8
1535,153557,9
1535,192670,10
1535,351438,8
1535,264458,4
1535,561870,10
1535,743698,6
1535,9546,8
1535,531128,8
1535,712120,8
1535,842079,8
1535,280572,8
1535,164004,5
1535,105715,9
1535,332096,10
1535,741870,9
1535,68747,8
1535,131205,9
1535,212228,9
1535,503024,7
1535,628175,6
1535,340497,10
1535,637787,9
1535,772133,5
1535,653528,10
1535,692267,9
1535,339194,9
1535,614120,6
1535,94989,10
1535,460415,8
1535,500819,10
1535,130137,10
1535,679568,8
1535,215976,8
1535,777906,10
1535,522985,10
1535,828005,10
1535,773937,9
1535,149347,8
1535,844358,10
1535,495157,10
1535,758257,9
1535,572009,7
1535,36441,8
1535,511775,9
1535,3373,10
1535,709772,8
1535,548913,9
1535,614492,8
1535,573639,9
1535,575721,8
1535,68086,8
1535,817394,8
1535,307021,8
1535,431202,7
1535,46727,9
1535,221246,7
1535,474946,8
1535,273560,7
1535,43711,9
1535,124448,8
1535,49726,7
1535,81983,8
1535,11745,8
1535,158164,10
1535,685062,10
1535,166374,8
1535,236325,8
1535,611975,8
1535,407751,10
1535,624640,10
1535,562231,8
1535,396808,8
1535,68666,9
1535,303089,8
1535,14976,10
1535,715082,10
1535,289872,8
1535,253968,7
1535,750503,10
1535,730651,9
1535,553245,9
1535,122122,8
1535,529990,8
1535,320419,10
1535,693901,7
1535,287260,8
1535,643588,8
1535,448089,10
1535,434050,8
1535,82863,9
1535,522554,10
1535,279616,9
1535,384506,9
1535,803615,10
1535,775125,10
1535,630667,9
1535,603145,9
1535,211209,10
1535,345419,10
1535,513014,9
1535,502172,7
1535,249249,8
1535,181252,10
1535,481,7
1535,459544,8
1535,649917,9
1535,215808,10
1535,769914,7
1535,12072,10
1535,32865,10
1535,463146,8
1535,248814,9
1535,185153,8
1535,658500,10
1535,985,9
1535,223479,9
1535,145979,9
1535,2107,9
1535,788158,9
1535,44191,7
1535,521294,9
1535,119645,8
1535,835373,8
1535,436721,9
1535,12808,6
1535,261876,9
1535,570582,10
1535,483007,9
1535,426606,10
1535,127525,8
1535,274856,10
1535,437575,10
1535,740980,8
1535,548082,10
1535,513493,10
1535,146353,10
1535,644889,10
1535,493957,10
1535,212361,8
1535,249900,8
1535,872662,8
1535,452104,6
1535,373888,8
1535,443961,8
1535,516940,8
1535,545555,10
1535,402213,6
1535,730368,8
1535,33582,10
1535,360598,10
1535,551462,9
1535,518108,4
1535,756040,9
1535,752972,10
1535,94267,7
1535,21942,9
1535,277011,8
1535,681546,9
1535,584361,8
1535,45586,8
1535,126589,10
1535,365203,8
1535,103790,8
1535,251792,8
1535,331627,6
1535,272999,10
1535,351810,10
1535,467177,8
1535,617762,7
1535,695107,8
1535,459345,7
1535,580169,8
1535,769314,8
1535,297722,10
1535,373322,8
1535,685930,8
1535,271054,8
1535,494959,10
1535,386236,8
1535,151088,9
1535,357081,8
1535,796909,8
1535,750702,9
1535,267622,7
1535,856662,8
1535,360953,8
1535,543440,9
1535,321669,9
1535,341508,10
1535,92651,7
1535,180361,8
1535,158778,9
1535,626003,9
1535,623469,8
1535,446673,9
1535,863898,8
1535,334331,8
1535,720052,10
1535,388413,9
1535,467175,6
1535,258931,10
1535,77844,9
1535,174061,10
1535,235637,9
1535,820532,9
1535,217429,9
1535,279236,8
1535,449325,8
1535,660332,8
1535,254440,7
1535,688234,10
1535,629191,10
1535,64119,10
1535,817493,10
1535,710537,8
1535,362912,10
1535,787518,9
1535,85129,10
1535,307037,10
1535,287642,9
1535,181543,9
1535,85212,8
1535,827696,10
1535,871336,8
1535,428171,9
1535,861429,9
1535,758669,8
1535,229099,10
1535,374618,6
1535,566588,8
1535,452823,9
1535,354904,7
1535,663457,8
1535,99950,9
1535,244700,10
1535,132962,9
1535,210431,10
1535,637975,6
1535,109868,7
1535,73946,9
1535,444349,9
1535,573593,10
1535,344598,6
1535,533627,8
1535,717601,10
1535,716870,8
1535,41104,8
1535,105772,7
1535,765783,6
1535,554490,5
1535,443012,10
1535,838423,7
1535,458526,9
1535,261452,10
1535,668386,10
1535,161466,9
1535,296677,7
1535,801618,7
1535,367380,8
1535,637992,8
1535,601494,10
1535,754985,6
1535,253528,9
1535,138498,10
1535,486731,9
1535,854768,7
1535,229792,7
1535,2674,10
1535,870180,9
1535,127861,8
1535,640602,10
1535,561842,9
1535,325338,8
1535,450074,10
1535,538376,9
1535,374070,9
1535,746392,8
1535,203558,9
1535,14393,8
1535,705474,9
1535,11502,9
1535,38335,10
1535,360406,9
1535,132414,6
1535,230774,8
1535,526673,4
1535,248101,10
1535,489406,9
1535,43166,9
1535,597753,8
1535,133273,9
1535,256153,7
1535,697869,9
1535,310410,10
1535,83692,5
1535,468603,9
1535,592285,8
1535,828821,10
1535,83077,7
1535,651681,9
1535,527583,8
1535,597158,8
1535,238900,7
1535,156461,8
1535,657962,9
1535,625220,9
1535,319953,9
1535,167347,6
1535,138695,9
1535,43952,7
1535,639373,9
1535,588769,9
1535,398391,9
1535,206462,7
1535,396371,9
1535,71993,6
1535,665629,8
1535,89476,7
1535,860003,6
1535,749679,10
1535,567840,9
1535,248989,7
1535,60672,10
1535,362215,7
1535,143230,10
1535,789773,9
1535,564583,9
1535,3274,9
1535,348090,10
1535,839012,9
1535,466105,9
1535,579080,10
1535,383417,8
1535,52821,9
1535,637358,10
1535,626548,8
1535,293075,10
1535,641629,10
1535,266519,9
1535,172144,10
1535,642603,10
1535,22660,6
1535,7943,7
1535,562667,10
1535,163671,10
1535,830509,9
1535,159331,6
1535,201349,8
1535,852495,8
1535,572,9
1535,795794,6
1535,126952,10
1535,429870,10
1535,154881,8
1535,680618,7
1535,57155,8
1535,771856,8
1535,176236,9
1535,766638,9
1535,383178,7
1535,607147,10
1535,408441,10
1535,799727,10
1535,439472,8
1535,387651,9
1535,671557,9
1535,477721,9
1535,422005,10
1535,125175,8
1535,439889,10
1535,74528,8
1535,557931,9
1535,361888,10
1535,455940,7
1535,715845,10
1535,583730,9
1535,602382,6
1535,440620,10
1535,310229,9
1535,470686,7
1535,251207,10
1535,508437,8
1535,730518,10
1535,780756,9
1535,662120,10
1535,211275,9
1535,720913,9
1535,655519,9
1535,155995,9
1535,663377,9
1535,287575,8
1535,52218,9
1535,220444,7
1535,360426,9
1535,489776,9
1535,644463,10
1535,623040,9
1535,803759,8
1535,56389,8
1535,649895,10
1535,26522,9
1535,149510,7
1535,21933,8
1535,715802,1
1535,316972,9
1535,871746,7
1535,767612,9
1535,220733,9
1535,95784,9
1535,789369,9
1535,411882,7
1535,454615,7
1535,260036,8
1535,637459,9
1535,50430,8
1535,514568,8
1535,823474,10
1535,513012,9
1535,342500,10
1535,66821,7
1535,29105,8
1535,570104,6
1535,303696,9
1535,571665,9
1535,844838,7
1535,690498,10
1535,546435,9
1535,519782,9
1535,395867,9
1535,661853,8
1535,788031,9
1535,188285,9
1535,503288,7
1535,37874,9
1535,87001,8
1535,13279,9
1535,495085,8
1535,477655,8
1535,162415,7
1535,763161,9
1535,563185,8
1535,340350,10
1535,99385,10
1535,561584,8
1535,251760,10
1535,158664,8
1535,349914,8
1535,58338,8
1535,710915,8
1535,810543,1
1535,402375,9
1535,64659,9
1535,638093,10
1535,229094,10
1535,39537,10
1535,47839,10
1535,112066,9
1535,833517,7
1535,531610,10
1535,373391,9
1535,189655,10
1535,760838,8
1535,170570,7
1535,871659,9
1535,652250,9
1535,152382,10
1535,246585,8
1535,108656,9
1535,133117,9
1535,521334,7
1535,700484,8
1535,794014,7
1535,487679,9
1535,436381,9
1535,744173,10
1535,394845,10
1535,706480,8
1535,510054,7
1535,745139,9
1535,285276,10
1535,744649,10
1535,457232,10
1535,447082,8
1535,687635,10
1535,852801,9
1535,788004,9
1535,340030,9
1535,724639,10
1535,270959,5
1535,247762,10
1535,846927,9
1535,68166,6
1535,27752,8
1535,357784,5
1535,548653,10
1535,135277,9
1535,774494,7
1535,212304,9
1535,411564,8
1535,774180,8
1535,775258,9
1535,769752,10
1535,579074,6
1535,341515,9
1535,609848,10
1535,252998,8
1535,815834,10
1535,564684,8
1535,640081,10
1535,396505,9
1535,130675,10
1535,433293,9
1535,825932,6
1535,292167,9
1535,475545,8
1535,619483,10
1535,68628,9
1535,396512,9
1535,310241,7
1535,296980,10
1535,149059,9
1535,647712,8
1535,798081,8
1535,446327,9
1535,276110,10
1535,442111,10
1535,144709,10
1535,384440,9
1535,286616,8
1535,379087,9
1535,74759,8
1535,317667,6
1535,216362,10
1535,597271,8
1535,801270,4
1535,206596,7
1535,203004,10
1535,432720,10
1535,204243,7
1535,792426,10
1535,598655,10
1535,73694,8
1535,365685,9
1535,820804,8
1535,40465,7
1535,446515,9
1535,280045,8
1535,388152,10
1535,225866,9
1535,107283,10
1535,371362,8
1535,182288,10
1535,257645,9
1535,809173,5
1535,512360,9
1535,142240,8
1535,18073,10
1535,155393,8
1535,548825,8
1535,292535,10
1535,47067,5
1535,654452,8
1535,423124,6
1535,554463,10
1535,708465,8
1535,40642,8
1535,312045,9
1535,621862,8
1535,731436,7
1535,721257,9
1535,142594,7
1535,342734,10
1535,739109,10
1535,565340,8
1535,765022,8
1535,870188,9
1535,222468,7
1535,637539,7
1535,604490,9
1535,514475,6
1535,599259,8
1535,845837,8
1535,205189,10
1535,172302,6
1535,64145,9
1535,425551,9
1535,660680,10
1535,366504,10
1535,129558,8
1535,14123,9
1535,508601,7
1535,867150,10
1535,586680,7
1535,336650,8
1535,498163,9
1535,202530,6
1535,591631,10
1535,845632,9
1535,244406,9
1535,701062,5
1535,400938,8
1535,836022,10
1535,332509,8
1535,92388,10
1535,48852,5
1535,185,10
1535,96529,8
1535,62417,10
1535,832426,10
1535,338357,9
1535,661041,10
1535,35919,9
1535,350888,10
1535,333308,9
1535,764822,8
1535,84294,8
1535,238151,10
1535,621483,8
1535,81650,10
1535,285182,9
1535,810910,7
1535,81050,10
1535,119333,10
1535,334558,10
1535,458307,8
1535,519767,8
1535,389814,4
1535,731603,10
16498,576105,10
16498,210430,8
16498,108686,7
16498,272504,10
16498,747392,10
16498,585434,6
16498,440352,10
16498,10255,8
16498,260776,8
16498,201722,7
16498,488628,8
16498,36648,7
16498,336027,10
16498,398677,9
16498,458267,8
16498,863855,10
16498,695027,10
16498,50923,6
16498,168211,10
16498,403085,9
16498,15795,9
16498,497643,5
16498,350909,10
16498,678135,8
16498,316482,9
16498,728693,7
16498,531821,9
16498,106152,8
16498,281114,8
16498,104743,10
16498,840816,8
16498,239322,10
16498,29376,10
16498,818562,5
16498,864067,10
16498,166707,9
16498,524715,7
16498,530090,9
16498,233584,7
16498,61644,8
16498,630339,9
16498,818562,5
16498,864067,10
16498,166707,9
16498,524715,7
16498,530090,9
16498,233584,7
16498,61644,8
16498,630339,9
16498,708820,9
16498,296391,10
16498,85576,8
16498,151342,9
16498,671849,7
16498,118840,8
16498,796158,8
16498,835716,9
16498,720707,9
16498,682553,9
16498,815834,9
16498,177673,10
16498,190385,8
16498,699781,9
16498,179001,10
16498,795432,9
16498,649537,5
16498,866128,9
16498,768771,9
16498,366408,6
16498,494127,9
16498,113565,8
16498,306873,10
16498,81730,9
16498,319668,9
16498,526922,10
16498,439884,9
16498,439884,9
16498,430444,10
16498,140963,10
16498,822990,10
16498,761361,8
16498,231771,7
16498,330742,10
16498,833964,9
16498,300291,8
16498,1002,10
16498,223176,10
16498,611951,9
16498,868704,10
16498,678841,8
16498,341994,10
16498,559600,9
16498,554376,10
16498,799237,10
16498,560789,9
16498,683883,8
16498,187635,9
16498,355733,7
16498,259454,9
16498,692370,10
16498,315546,9
16498,240925,9
16498,852414,10
16498,849993,8
16498,190627,9
16498,543495,9
16498,127301,8
16498,517353,8
16498,620174,10
16498,365451,9
16498,568788,9
16498,347215,10
16498,62904,7
16498,672330,10
16498,369224,5
16498,354676,9
16498,162769,8
16498,192869,9
16498,293920,9
16498,167546,8
16498,624426,7
16498,120173,7
16498,427306,7
16498,606848,8
16498,240571,9
16498,276540,9
16498,379316,9
16498,160638,10
16498,383016,9
16498,340409,10
16498,523204,8
16498,102884,8
16498,478424,8
16498,854861,8
16498,276678,8
16498,387935,9
16498,551695,10
16498,8168,10
16498,204024,10
16498,719391,7
16498,298500,8
16498,32114,9
16498,729575,8
16498,368207,8
16498,478716,7
16498,706948,6
16498,354713,9
16498,323835,9
16498,337607,8
16498,126102,9
16498,352900,10
16498,530455,10
16498,511243,9
16498,64837,8
16498,516135,9
16498,454552,7
16498,623901,8
16498,262495,8
16498,92999,8
16498,681606,9
16498,574734,7
16498,709025,9
16498,554358,8
16498,838655,4
16498,556747,7
16498,818716,7
16498,315023,8
16498,695016,10
16498,389821,10
16498,634309,8
16498,29099,9
16498,98194,9
16498,552168,8
16498,211832,9
16498,330442,7
16498,280690,10
16498,691643,8
16498,804207,10
16498,614634,8
16498,306642,7
16498,98428,8
16498,128668,7
16498,264682,7
16498,666838,8
16498,460880,9
16498,320874,10
16498,526324,9
16498,480663,9
16498,708339,9
16498,354151,10
16498,100426,10
16498,75257,9
16498,514182,8
16498,321486,7
16498,337280,10
16498,627824,10
16498,536780,10
16498,709537,8
16498,255619,9
16498,570195,7
16498,170303,8
16498,788463,9
16498,271221,10
16498,783405,9
16498,551273,10
16498,211970,7
16498,112630,9
16498,352670,9
16498,152289,8
16498,423963,5
16498,325236,7
16498,523539,9
16498,403122,8
16498,193408,7
16498,15488,10
16498,508437,8
16498,279041,10
16498,508982,10
16498,92386,9
16498,81237,9
16498,859045,9
16498,601488,10
16498,24996,9
16498,582266,9
16498,691231,10
16498,361684,8
16498,150716,7
16498,363853,7
16498,550175,8
16498,452356,7
16498,79295,10
16498,571020,7
16498,383573,9
16498,780470,10
16498,78106,8
16498,357784,6
16498,661260,8
16498,661260,8
16498,525919,8
16498,508718,10
16498,298633,8
16498,137597,9
16498,335103,7
16498,39988,10
16498,80638,9
16498,386864,9
16498,570890,10
16498,296330,8
16498,767559,7
16498,431770,7
16498,66410,9
16498,779033,10
16498,671363,7
16498,410573,9
16498,683522,9
16498,861878,8
16498,190682,9
16498,134172,10
16498,297219,8
16498,806430,6
16498,134770,7
16498,129975,8
16498,870867,6
16498,360998,10
16498,394212,1
16498,372970,9
16498,339866,8
16498,78352,10
16498,338111,8
16498,97190,8
16498,581963,10
16498,185406,7
16498,597643,9
16498,600894,9
16498,739127,9
16498,560737,10
16498,493487,9
16498,79341,8
16498,538161,8
16498,596122,9
16498,309219,9
16498,530401,8
16498,42664,8
16498,536512,8
16498,701203,1
16498,621158,8
16498,754814,8
16498,91107,7
16498,552852,6
16498,764162,8
16498,254415,9
16498,407692,6
16498,732918,10
16498,699843,8
16498,597755,7
16498,557071,10
16498,78061,10
16498,755851,8
16498,341463,6
16498,638862,10
16498,195660,9
16498,613998,10
16498,498739,8
16498,643788,8
16498,116525,7
16498,695210,9
16498,315970,9
16498,289740,10
16498,208318,10
16498,332281,9
16498,807786,9
16498,815015,8
16498,397169,10
16498,780195,8
16498,208562,7
16498,587439,9
16498,477301,10
16498,822868,10
16498,775788,7
16498,375035,10
16498,478485,10
16498,486119,10
16498,123831,10
16498,207983,9
16498,491100,9
16498,643061,8
16498,723899,9
16498,405168,10
16498,37702,7
16498,204679,10
16498,187633,8
16498,48574,9
16498,376284,10
16498,535582,6
16498,352415,1
16498,754624,7
16498,731905,9
16498,330904,8
16498,202837,7
16498,382426,10
16498,482110,8
16498,619923,7
16498,562205,8
16498,573213,9
16498,231672,10
16498,761800,8
16498,563617,9
16498,469030,9
16498,846642,8
16498,214270,9
16498,609498,9
16498,486872,7
16498,162648,9
16498,71313,8
16498,175864,9
16498,162754,8
16498,122384,10
16498,192670,9
16498,842079,7
16498,561870,9
16498,119973,9
16498,627904,8
16498,46115,10
16498,574615,8
16498,264458,6
16498,63905,8
16498,279616,9
16498,661390,10
16498,747242,8
16498,488829,9
16498,741870,9
16498,160130,8
16498,352956,8
16498,735663,10
16498,692267,8
16498,517711,10
16498,628175,10
16498,220933,8
16498,252532,8
16498,94989,9
16498,535871,10
16498,295486,8
16498,561934,8
16498,699972,9
16498,679568,9
16498,632858,7
16498,48631,8
16498,572009,8
16498,852321,10
16498,787184,8
16498,522985,10
16498,185381,6
16498,215976,8
16498,419295,8
16498,144550,7
16498,747767,4
16498,783097,8
16498,812525,9
16498,758257,10
16498,313617,9
16498,273560,8
16498,173004,8
16498,822798,9
16498,149347,7
16498,709772,8
16498,340497,7
16498,548913,10
16498,573639,10
16498,681176,8
16498,307021,8
16498,542924,9
16498,574362,6
16498,46727,7
16498,481255,7
16498,331336,8
16498,11745,8
16498,531128,8
16498,166374,9
16498,283914,10
16498,637787,9
16498,520686,8
16498,435431,8
16498,693901,9
16498,407751,7
16498,675207,8
16498,436721,9
16498,799603,10
16498,804879,8
16498,270549,10
16498,475510,8
16498,222219,8
16498,370251,8
16498,614492,9
16498,730651,10
16498,630667,8
16498,847127,7
16498,253968,6
16498,670216,10
16498,803615,10
16498,303089,10
16498,171193,8
16498,267622,8
16498,643588,8
16498,212361,10
16498,859977,8
16498,723229,10
16498,642234,9
16498,320419,10
16498,522554,10
16498,275270,8
16498,384506,5
16498,78857,8
16498,774763,10
16498,860575,9
16498,176713,4
16498,664191,8
16498,345419,10
16498,715082,10
16498,283236,9
16498,65541,8
16498,114550,8
16498,181252,9
16498,75554,7
16498,459544,8
16498,82863,9
16498,45289,9
16498,463146,10
16498,756040,9
16498,730368,9
16498,503642,10
16498,185153,10
16498,211209,10
16498,521294,6
16498,544112,10
16498,687635,10
16498,223479,6
16498,658500,10
16498,385917,8
16498,870703,7
16498,224328,7
16498,240754,8
16498,819307,10
16498,12808,9
16498,2107,7
16498,202592,9
16498,740980,8
16498,835373,8
16498,513014,9
16498,261876,9
16498,340352,7
16498,452104,7
16498,588422,10
16498,772235,7
16498,861198,7
16498,872662,8
16498,781565,10
16498,545555,10
16498,360598,8
16498,443961,8
16498,644889,9
16498,146353,10
16498,227546,9
16498,816684,10
16498,769914,8
16498,222082,10
16498,126589,10
16498,277011,8
16498,426148,10
16498,68652,9
16498,190957,8
16498,331627,6
16498,28769,9
16498,140949,10
16498,553439,10
16498,681546,8
16498,705588,9
16498,257366,9
16498,33582,9
16498,373888,8
16498,152443,8
16498,494959,7
16498,357081,8
16498,712711,5
16498,430335,8
16498,351810,2
16498,549472,8
16498,235881,7
16498,737655,9
16498,59139,10
16498,365203,8
16498,421068,6
16498,861384,9
16498,520136,9
16498,297722,10
16498,543440,10
16498,838320,10
16498,464376,8
16498,45480,10
16498,479000,8
16498,626003,7
16498,202649,10
16498,392546,10
16498,226896,8
16498,690669,9
16498,658249,8
16498,598289,10
16498,44556,9
16498,676118,9
16498,351489,7
16498,92651,6
16498,316600,8
16498,324290,9
16498,818610,9
16498,158778,10
16498,312581,8
16498,180361,7
16498,680276,10
16498,605536,8
16498,238131,9
16498,235637,10
16498,583361,10
16498,77844,9
16498,737314,6
16498,696303,10
16498,583614,5
16498,8797,8
16498,720052,10
16498,125733,8
16498,262056,9
16498,26676,7
16498,279236,9
16498,753404,9
16498,820532,10
16498,249672,8
16498,217959,8
16498,457309,9
16498,817493,7
16498,709466,9
16498,287642,10
16498,866007,10
16498,85129,9
16498,787518,10
16498,623469,6
16498,307037,10
16498,688234,10
16498,610064,10
16498,861429,7
16498,300059,10
16498,138658,9
16498,181543,9
16498,488646,9
16498,827696,10
16498,631373,10
16498,671487,8
16498,829702,7
16498,871336,9
16498,439723,7
16498,255237,9
16498,630508,10
16498,588392,9
16498,71993,8
16498,534860,10
16498,758669,7
16498,161466,8
16498,229099,9
16498,354904,6
16498,15647,9
16498,395246,8
16498,309106,10
16498,428171,9
16498,535919,7
16498,444349,8
16498,109868,10
16498,341508,8
16498,573593,8
16498,188030,8
16498,263709,7
16498,224405,9
16498,868520,8
16498,41240,9
16498,631393,8
16498,721675,8
16498,296677,10
16498,449325,8
16498,5826,8
16498,222878,10
16498,616019,10
16498,801618,4
16498,96497,9
16498,325822,8
16498,367380,8
16498,822861,10
16498,868911,8
16498,754985,6
16498,23431,8
16498,529877,5
16498,218837,10
16498,870180,10
16498,770086,10
16498,436110,8
16498,486731,10
16498,398870,5
16498,854768,8
16498,325338,9
16498,374070,8
16498,628654,8
16498,627417,6
16498,597639,10
16498,203558,7
16498,426478,7
16498,824639,8
16498,422076,9
16498,418865,10
16498,851742,9
16498,224439,10
16498,592285,8
16498,360406,10
16498,248101,10
16498,184622,8
16498,122314,9
16498,316867,8
16498,597753,7
16498,83692,8
16498,83077,10
16498,626070,8
16498,382980,10
16498,46363,9
16498,478426,8
16498,721959,10
16498,360174,10
16498,671948,10
16498,589027,6
16498,159279,9
16498,230774,8
16498,807574,9
16498,206462,9
16498,156461,9
16498,696814,9
16498,713985,6
16498,503140,10
16498,167347,7
16498,589623,10
16498,238900,10
16498,869228,8
16498,486592,8
16498,223625,8
16498,89476,8
16498,251508,10
16498,248989,10
16498,14393,8
16498,591783,8
16498,115687,9
16498,839012,8
16498,828821,10
16498,513730,10
16498,747514,9
16498,154881,9
16498,189718,10
16498,348090,10
16498,365324,10
16498,466105,10
16498,848363,9
16498,52821,7
16498,43166,8
16498,285276,8
16498,672840,8
16498,182620,9
16498,852495,8
16498,207941,7
16498,606219,7
16498,795794,8
16498,7943,10
16498,22660,7
16498,429870,9
16498,773940,10
16498,572,8
16498,827537,6
16498,183927,7
16498,637358,10
16498,676900,8
16498,39165,9
16498,557931,8
16498,81983,7
16498,455940,10
16498,766638,9
16498,176236,10
16498,314997,10
16498,57155,10
16498,835691,10
16498,763500,9
16498,864977,7
16498,715423,7
16498,387651,9
16498,671557,7
16498,52218,8
16498,752206,8
16498,493253,10
16498,125175,9
16498,473490,10
16498,771624,7
16498,477721,10
16498,22757,9
16498,730518,8
16498,780756,10
16498,439496,10
16498,294546,7
16498,293033,8
16498,595307,10
16498,251207,7
16498,470686,9
16498,228300,8
16498,287575,7
16498,803759,9
16498,649895,9
16498,457276,10
16498,579721,7
16498,744034,9
16498,513012,9
16498,316972,8
16498,602382,8
16498,767612,8
16498,29105,8
16498,871746,9
16498,692881,9
16498,715802,1
16498,109874,9
16498,809477,10
16498,644463,9
16498,21933,8
16498,267853,8
16498,220733,9
16498,122623,7
16498,760519,8
16498,356325,7
16498,411882,8
16498,454615,8
16498,554656,10
16498,681793,9
16498,95784,9
16498,740729,8
16498,770182,8
16498,495220,8
16498,342500,10
16498,590968,9
16498,596673,7
16498,602038,9
16498,393486,8
16498,570104,6
16498,514568,9
16498,66821,9
16498,303696,8
16498,546435,10
16498,179685,10
16498,87001,10
16498,784021,10
16498,56389,10
16498,177272,8
16498,762710,9
16498,74528,8
16498,503288,9
16498,158664,8
16498,188285,8
16498,564684,9
16498,67391,6
16498,153486,10
16498,748554,9
16498,241111,10
16498,410066,10
16498,340350,9
16498,481808,8
16498,490871,10
16498,336740,9
16498,746392,8
16498,465695,6
16498,66609,8
16498,477128,9
16498,39537,7
16498,720370,9
16498,50430,8
16498,458456,9
16498,64659,8
16498,264813,8
16498,98613,10
16498,871659,10
16498,640413,10
16498,118537,8
16498,186285,7
16498,207716,10
16498,133117,10
16498,467175,6
16498,642603,9
16498,529645,10
16498,760838,9
16498,626548,7
16498,836569,8
16498,652250,9
16498,855410,9
16498,663377,8
16498,785797,8
16498,306834,9
16498,745139,8
16498,577406,8
16498,744173,10
16498,629798,8
16498,300484,8
16498,574983,8
16498,246585,10
16498,795459,9
16498,610102,9
16498,92211,8
16498,709250,7
16498,682902,8
16498,586384,8
16498,115055,10
16498,638093,6
16498,665640,8
16498,46455,6
16498,135277,10
16498,706480,9
16498,47839,8
16498,68166,9
16498,411564,8
16498,708876,7
16498,820804,9
16498,707643,10
16498,230440,9
16498,846927,9
16498,427278,8
16498,250470,7
16498,579074,8
16498,647712,5
16498,149059,10
16498,753594,9
16498,212304,8
16498,832613,8
16498,571665,8
16498,822658,8
16498,341515,9
16498,732876,9
16498,509690,7
16498,640081,10
16498,74371,9
16498,27752,10
16498,475545,9
16498,823570,8
16498,707081,9
16498,493037,7
16498,836860,6
16498,433293,10
16498,257070,10
16498,851791,9
16498,798081,8
16498,396505,10
16498,733080,10
16498,130675,9
16498,384440,9
16498,292167,10
16498,655977,8
16498,529988,10
16498,40465,8
16498,241048,7
16498,296980,9
16498,544222,8
16498,30611,9
16498,108819,9
16498,815898,8
16498,679340,9
16498,216362,9
16498,449552,9
16498,15493,8
16498,629916,10
16498,528600,7
16498,306640,8
16498,21076,9
16498,350796,9
16498,664994,8
16498,432720,8
16498,765022,9
16498,479513,9
16498,388152,8
16498,479865,6
16498,73694,10
16498,669934,8
16498,284904,7
16498,58197,9
16498,147062,9
16498,400938,10
16498,107283,10
16498,812231,9
16498,408686,7
16498,117299,8
16498,47067,7
16498,724847,9
16498,291370,5
16498,40642,8
16498,365685,9
16498,262500,9
16498,371362,9
16498,809173,10
16498,776797,7
16498,755785,9
16498,766563,7
16498,142240,9
16498,447961,8
16498,513735,9
16498,18073,8
16498,246814,8
16498,556231,8
16498,410457,10
16498,173439,10
16498,621862,6
16498,739281,9
16498,708465,10
16498,870188,9
16498,565340,7
16498,260039,9
16498,425551,10
16498,634673,8
16498,333717,10
16498,112102,10
16498,250254,7
16498,353976,10
16498,203004,10
16498,613046,9
16498,304347,8
16498,743247,8
16498,542665,7
16498,679227,7
16498,870623,9
16498,232880,9
16498,794211,10
16498,641811,10
16498,691012,8
16498,249231,10
16498,506765,10
16498,792350,9
16498,510255,8
16498,129558,9
16498,124457,9
16498,126952,10
16498,589965,10
16498,638687,8
16498,663430,7
16498,471055,10
16498,341115,9
16498,574900,10
16498,244406,6
16498,84294,9
16498,595781,8
16498,845954,9
16498,202530,7
16498,336650,8
16498,48852,6
16498,658479,3
16498,142594,9
16498,836022,9
16498,92388,8
16498,311413,8
16498,591631,8
16498,445542,8
11757,261154,7
11757,400140,10
11757,58246,9
11757,391402,7
11757,404189,6
11757,213309,9
11757,28847,6
11757,272504,9
11757,123382,8
11757,155943,10
11757,36648,7
11757,607640,10
11757,626271,8
11757,548653,9
11757,531956,8
11757,330086,5
11757,531821,7
11757,173989,7
11757,475165,6
11757,50923,7
11757,607485,5
11757,564883,6
11757,497643,9
11757,668928,9
11757,728693,6
11757,596291,5
11757,375968,10
11757,264487,6
11757,331980,10
11757,90448,4
11757,690532,4
11757,413111,8
11757,796158,5
11757,494127,9
11757,758257,7
11757,671849,6
11757,482039,10
11757,552449,7
11757,854635,7
11757,118840,7
11757,835716,7
11757,815834,7
11757,795831,8
11757,140963,9
11757,283975,8
11757,768771,6
11757,100911,8
11757,559468,9
11757,319668,7
11757,422440,5
11757,10255,9
11757,866128,8
11757,761361,1
11757,309737,8
11757,678725,8
11757,160166,8
11757,81237,7
11757,573848,8
11757,571768,9
11757,301893,3
11757,201087,8
11757,439884,8
11757,360747,7
11757,239167,9
11757,47839,9
11757,330742,8
11757,840816,7
11757,454552,4
11757,465881,6
11757,758426,10
11757,725076,7
11757,828801,5
11757,311084,9
11757,868704,9
11757,315546,7
11757,538878,9
11757,195528,6
11757,852414,8
11757,293396,8
11757,517353,8
11757,190627,10
11757,326484,7
11757,127301,6
11757,89650,6
11757,464467,6
11757,273459,8
11757,347215,4
11757,566486,7
11757,809563,8
11757,419436,7
11757,366429,8
11757,774745,8
11757,487434,6
11757,765086,4
11757,314732,7
11757,167546,9
11757,594479,4
11757,340409,8
11757,809126,8
11757,670773,7
11757,534351,7
11757,627542,3
11757,12150,10
11757,293920,8
11757,137597,7
11757,222647,5
11757,427306,3
11757,8168,7
11757,854861,4
11757,227644,8
11757,231843,9
11757,127586,8
11757,592285,7
11757,719391,5
11757,126102,6
11757,708711,9
11757,140978,5
11757,526456,5
11757,483248,5
11757,842915,9
11757,477301,8
11757,323835,8
11757,785141,10
11757,552168,9
11757,623901,4
11757,332758,5
11757,465722,1
11757,691643,8
11757,337280,7
11757,511243,3
11757,574734,8
11757,709025,8
11757,97559,8
11757,229944,9
11757,695016,10
11757,643047,10
11757,221721,9
11757,467298,6
11757,92999,6
11757,500291,6
11757,431995,10
11757,661407,6
11757,614634,2
11757,752503,10
11757,480663,7
11757,806193,8
11757,52091,5
11757,276167,10
11757,530045,6
11757,222180,7
11757,709537,10
11757,570195,7
11757,469861,9
11757,115627,8
11757,174830,8
11757,784964,6
11757,282711,8
11757,164346,8
11757,558422,4
11757,508982,7
11757,588221,10
11757,403122,6
11757,676621,9
11757,493838,3
11757,423963,6
11757,325236,6
11757,15488,9
11757,391652,8
11757,63905,6
11757,190682,7
11757,694828,7
11757,691231,9
11757,452936,9
11757,456058,10
11757,452356,7
11757,338193,7
11757,361684,9
11757,452003,6
11757,311660,7
11757,508718,10
11757,608155,4
11757,39988,9
11757,763036,7
11757,337837,9
11757,732918,6
11757,479169,10
11757,671363,6
11757,871153,6
11757,431738,7
11757,473070,9
11757,791901,9
11757,643788,7
11757,827273,10
11757,195866,9
11757,712120,5
11757,161466,7
11757,594184,10
11757,152721,7
11757,350888,10
11757,79341,4
11757,182665,8
11757,422323,6
11757,596122,7
11757,530728,8
11757,405197,6
11757,536512,3
11757,754814,9
11757,91107,4
11757,552852,7
11757,134172,10
11757,844316,1
11757,504175,8
11757,498739,7
11757,807786,6
11757,755851,8
11757,557071,9
11757,643061,9
11757,695210,8
11757,135667,9
11757,701203,10
11757,289846,7
11757,434000,7
11757,498400,8
11757,495157,6
11757,548082,4
11757,309219,8
11757,102252,7
11757,531901,10
11757,344824,5
11757,74525,6
11757,375035,10
11757,330519,9
11757,207983,9
11757,309486,6
11757,560737,9
11757,539743,8
11757,48574,7
11757,495640,10
11757,482110,7
11757,186142,9
11757,486119,3
11757,160773,9
11757,535582,4
11757,574405,4
11757,337682,10
11757,533364,4
11757,382426,5
11757,231672,6
11757,593815,9
11757,245950,5
11757,192670,9
11757,574030,10
11757,761800,8
11757,574362,9
11757,707844,8
11757,300863,4
11757,214270,8
11757,160130,6
11757,413458,10
11757,754624,7
11757,119973,8
11757,482024,6
11757,486872,6
11757,803440,4
11757,572009,7
11757,743698,6
11757,23431,8
11757,279616,5
11757,37702,4
11757,244264,7
11757,561934,8
11757,29794,8
11757,264458,7
11757,541951,6
11757,609498,9
11757,378549,4
11757,661390,9
11757,682434,9
11757,628175,8
11757,572510,10
11757,191483,1
11757,828005,6
11757,466952,10
11757,855597,7
11757,740980,5
11757,588282,4
11757,701877,2
11757,842079,5
11757,798624,5
11757,632858,7
11757,127288,10
11757,300702,7
11757,679568,9
11757,419295,8
11757,428799,10
11757,9546,10
11757,463825,7
11757,209416,1
11757,644899,10
11757,762638,2
11757,46238,9
11757,68086,7
11757,478485,7
11757,747767,3
11757,340497,6
11757,761836,8
11757,302877,4
11757,709772,7
11757,208562,7
11757,42095,7
11757,474946,7
11757,303089,8
11757,831821,6
11757,573639,9
11757,307021,7
11757,672391,7
11757,772133,5
11757,216500,7
11757,376284,8
11757,637787,8
11757,331336,6
11757,611975,5
11757,846542,6
11757,531128,8
11757,827100,9
11757,280991,3
11757,244292,7
11757,690738,2
11757,435431,8
11757,630667,8
11757,14976,5
11757,253968,2
11757,553245,10
11757,270549,4
11757,816995,7
11757,632233,8
11757,287260,9
11757,522554,6
11757,384506,7
11757,664191,8
11757,693901,6
11757,624064,6
11757,847127,5
11757,643588,7
11757,426072,8
11757,233855,5
11757,28163,5
11757,803615,7
11757,677208,9
11757,860575,4
11757,113119,5
11757,360598,7
11757,724646,9
11757,485987,9
11757,324496,10
11757,275270,7
11757,311566,10
11757,477538,10
11757,654145,6
11757,45289,7
11757,162482,9
11757,756040,9
11757,223479,3
11757,33023,6
11757,706112,7
11757,248814,4
11757,521294,8
11757,385917,7
11757,217429,5
11757,658500,5
11757,652792,8
11757,178268,9
11757,707067,5
11757,788158,8
11757,249900,6
11757,510407,8
11757,73264,8
11757,277011,5
11757,602063,7
11757,110317,10
11757,588422,9
11757,772235,3
11757,872662,8
11757,443961,8
11757,190957,7
11757,769914,8
11757,518108,8
11757,227546,8
11757,126589,3
11757,152289,7
11757,336790,10
11757,596762,9
11757,584361,5
11757,36649,4
11757,82258,5
11757,66752,7
11757,140949,10
11757,373888,6
11757,681546,8
11757,35638,7
11757,551462,10
11757,45480,7
11757,312581,4
11757,43166,8
11757,598289,10
11757,357081,3
11757,365203,6
11757,617762,7
11757,272999,5
11757,99743,7
11757,370566,10
11757,436721,7
11757,351810,9
11757,392455,2
11757,730423,10
11757,421068,7
11757,76181,3
11757,636769,9
11757,705588,10
11757,658249,8
11757,676118,9
11757,720052,7
11757,554744,4
11757,830227,10
11757,345041,7
11757,793748,8
11757,543440,6
11757,626003,1
11757,60183,8
11757,316745,6
11757,737314,8
11757,77844,10
11757,587751,7
11757,279236,8
11757,457309,8
11757,817373,10
11757,717601,5
11757,817493,4
11757,861429,4
11757,317333,9
11757,820532,5
11757,688234,5
11757,402987,3
11757,871336,7
11757,229099,8
11757,181543,9
11757,223795,7
11757,244615,7
11757,42253,8
11757,753404,8
11757,829702,7
11757,15647,8
11757,71993,6
11757,280855,3
11757,354904,4
11757,826052,7
11757,803739,8
11757,127861,8
11757,244700,10
11757,109868,10
11757,585637,8
11757,533627,6
11757,443012,5
11757,573593,7
11757,105772,9
11757,688563,3
11757,341508,8
11757,188030,6
11757,388393,1
11757,795794,7
11757,637975,7
11757,616019,9
11757,801618,7
11757,810606,9
11757,641662,7
11757,325338,6
11757,218837,10
11757,828821,4
11757,436110,9
11757,486592,7
11757,203558,3
11757,770086,8
11757,870180,9
11757,432645,2
11757,256153,4
11757,486731,7
11757,38335,7
11757,854768,8
11757,163332,5
11757,626548,4
11757,255485,10
11757,422076,7
11757,361493,7
11757,713985,5
11757,784192,8
11757,293058,8
11757,360406,9
11757,15615,7
11757,714818,5
11757,597158,5
11757,467175,7
11757,597753,5
11757,747868,5
11757,21933,4
11757,83077,5
11757,527583,5
11757,102904,9
11757,398870,6
11757,594209,8
11757,285170,5
11757,178662,4
11757,442622,6
11757,14393,6
11757,755899,7
11757,156461,9
11757,164216,8
11757,143230,7
11757,49865,1
11757,167347,5
11757,479764,9
11757,589623,9
11757,766781,9
11757,2921,6
11757,348090,7
11757,584873,7
11757,122314,8
11757,264577,4
11757,147481,7
11757,789222,7
11757,189718,10
11757,513012,7
11757,868520,6
11757,623040,6
11757,248989,9
11757,22660,5
11757,285276,7
11757,390146,2
11757,579080,5
11757,849895,1
11757,466105,9
11757,753073,7
11757,72137,7
11757,789773,7
11757,787945,7
11757,852495,9
11757,109456,5
11757,642603,4
11757,343649,6
11757,715423,6
11757,869228,8
11757,411307,9
11757,839012,5
11757,71319,10
11757,154881,8
11757,156209,7
11757,496415,5
11757,395478,10
11757,455940,10
11757,81983,6
11757,785455,6
11757,609488,6
11757,771856,4
11757,570104,3
11757,557931,6
11757,671557,6
11757,288554,8
11757,649895,7
11757,473490,7
11757,427278,7
11757,829618,1
11757,470686,6
11757,730518,6
11757,680606,7
11757,383178,3
11757,692881,5
11757,287575,4
11757,526848,7
11757,356325,6
11757,342500,9
11757,609197,10
11757,516089,5
11757,517830,10
11757,604139,7
11757,149601,10
11757,95784,8
11757,720913,8
11757,715802,1
11757,177272,4
11757,770182,7
11757,378754,10
11757,109874,7
11757,122623,7
11757,495220,7
11757,523483,9
11757,50430,7
11757,252886,8
11757,869491,8
11757,246585,7
11757,554656,6
11757,596673,4
11757,574983,8
11757,179469,9
11757,270384,6
11757,279120,1
11757,864977,4
11757,672569,8
11757,364430,7
11757,595706,6
11757,700484,5
11757,66821,3
11757,303696,6
11757,844838,8
11757,176287,9
11757,519405,3
11757,87001,10
11757,395867,6
11757,43419,5
11757,632807,9
11757,475545,9
11757,433802,10
11757,138113,5
11757,774494,7
11757,746392,7
11757,403902,7
11757,306834,7
11757,115055,9
11757,336740,8
11757,748990,7
11757,775055,5
11757,158664,4
11757,454007,3
11757,563185,6
11757,402375,9
11757,443584,6
11757,638745,8
11757,439496,10
11757,618469,5
11757,503288,5
11757,638168,2
11757,638093,9
11757,134034,7
11757,159084,8
11757,139701,6
11757,119759,7
11757,445996,7
11757,531186,7
11757,133117,9
11757,486281,8
11757,668378,10
11757,546435,10
11757,760838,7
11757,745139,9
11757,169161,6
11757,340030,10
11757,733080,7
11757,682902,4
11757,709250,5
11757,788004,9
11757,586384,5
11757,46455,5
11757,332406,9
11757,833072,7
11757,857226,7
11757,571665,4
11757,820804,7
11757,803421,10
11757,640081,7
11757,252998,10
11757,509690,7
11757,531257,7
11757,307938,8
11757,108819,6
11757,204243,6
11757,292167,9
11757,665488,9
11757,512683,10
11757,523082,6
11757,310241,5
11757,376861,10
11757,40465,5
11757,17364,8
11757,815898,7
11757,276110,7
11757,743247,6
11757,664994,2
11757,586009,5
11757,350796,6
11757,73694,8
11757,479865,5
11757,621862,8
11757,432720,6
11757,850575,8
11757,665570,3
11757,410058,7
11757,635515,7
11757,142594,6
11757,780696,6
11757,117299,7
11757,262500,9
11757,848123,7
11757,206596,6
11757,395880,4
11757,388152,7
11757,69677,8
11757,794968,7
11757,105619,5
11757,142240,9
11757,619483,8
11757,40642,8
11757,18073,10
11757,410457,8
11757,739281,8
11757,433219,9
11757,768278,7
11757,514475,9
11757,47067,7
11757,809173,6
11757,708465,9
11757,796661,7
11757,204024,6
11757,305031,8
11757,39770,7
11757,468521,7
11757,449552,6
11757,870379,10
11757,836494,6
11757,342734,6
11757,679227,5
11757,718158,6
11757,471055,6
11757,12595,9
11757,586680,7
11757,776797,5
11757,102213,10
11757,788111,9
11757,429192,8
11757,352659,7
11757,202530,6
11757,423891,8
11757,336650,10
11757,631140,8
11757,785417,8
11757,84294,6
11757,603316,5
11757,352378,4
11757,530814,8
11757,163936,9
11757,402452,2
11757,92211,9
11757,407730,7
11757,176536,4
11757,285182,8
11757,701062,9
11757,250186,6
11757,591631,6
11757,318546,7
11757,708783,9
11757,260039,6
11757,458307,5
11757,185,4
11757,844893,10
11757,40147,6
11757,266715,8
11757,514181,7
11757,693270,6
11757,339212,9
11757,572439,6
11757,817346,10
11757,771624,7
11757,527411,4
11757,25047,5
11757,326637,7
11757,297737,10
11757,53972,7
11757,450644,9
11757,209699,4
11757,431076,4
11757,680215,6
11757,613046,8
11757,592228,4
11757,328182,6
11757,116048,8
11757,651370,6
11757,490675,7
11757,712203,6
11757,624641,5
11757,700728,4
11757,869053,3
11757,130340,1
11757,731436,7
11757,835126,6
11757,227331,8
11757,400056,2
11757,306682,8
11757,765022,7
11757,687739,7
11757,430551,6
11757,712879,5
11757,307527,7
11757,449944,7
11757,583447,8
11757,161912,4
11757,495293,6
11757,632450,4
11757,453092,6
11757,14727,7
11757,820007,8
11757,838318,9
11757,312105,9
11757,418110,2
11757,365354,8
11757,762588,5
11757,817688,2
11757,421,5
11757,734747,7
11757,229993,5
11757,93413,9
11757,104568,9
11757,126623,6
11757,270556,8
11757,280951,5
11757,806261,6
11757,350747,7
11757,304503,9
11757,242027,6
11757,562271,8
11757,153547,5
11757,122326,6
11757,141264,9
11757,788206,9
11757,677429,6
11757,674556,7
11757,573238,6
11757,814286,7
11757,437186,6
11757,542665,4
11757,823570,6
11757,6276,7
11757,112228,4
11757,22757,4
11757,111771,7
11757,667100,6
11757,94033,8
11757,801913,2
11757,482325,9
11757,98558,8
11757,834934,2
11757,603072,9
11757,139889,7
11757,744083,5
11757,492026,10
11757,241455,8
11757,584028,8
11757,490534,7
11757,5931,8
11757,375434,7
11757,78954,7
11757,630926,6
11757,106999,7
11757,495616,10
11757,83620,2
11757,474039,10
11757,372359,5
11757,766896,6
11757,375217,7
11757,15038,8
11757,308042,10
11757,591042,6
11757,666281,7
11757,657540,6
11757,502859,7
11757,728313,6
11757,631902,7
11757,531095,8
11757,467255,6
11757,484684,4
11757,733353,9
11757,274858,3
11757,365249,4
11757,681176,3
11757,106574,7
11757,406438,1
11757,831452,9
11757,363299,7
11757,804688,9
11757,174932,10
11757,345882,7
11757,482724,8
11757,416148,6
11757,240453,7
11757,31045,9
11757,805071,6
11757,810489,8
11757,638445,7
11757,780065,8
11757,838183,7
11757,636066,4
11757,396864,8
11757,858695,4
11757,80591,7
11757,756852,6
11757,823124,9
11757,212391,7
11757,823361,7
11757,84037,9
11757,558415,9
11757,715595,7
11757,626137,1
11757,14639,10
11757,371336,7
11757,551400,8
11757,249595,7
11757,147327,8
11757,446327,6
11757,210171,7
11757,578834,9
11757,60689,8
11757,337495,8
11757,802790,8
11757,193410,9
11757,90365,5
11757,476461,8
11757,464161,7
11757,513130,9
11757,5183,10
11757,82085,6
11757,310719,7
11757,424712,8
11757,233711,6
11757,469580,9
11757,159926,6
11757,697398,10
11757,781623,6
11757,846405,10
11757,805680,10
11757,404652,6
11757,148305,7
11757,369448,2
11757,4463,8
11757,103373,3
11757,620243,7
11757,852664,8
11757,50158,9
11757,497103,9
11757,689685,8
11757,822507,6
11757,259703,9
11757,357667,9
11757,707924,6
11757,618685,7
11757,382026,9
11757,421437,10
11757,369107,10
11757,392817,7
11757,151739,6
11757,320602,4
11757,170161,9
11757,763994,7
11757,21076,4
11757,551789,7
11757,33673,10
11757,333309,9
11757,714343,1
11757,152082,9
11757,689071,9
11757,819464,4
11757,35137,9
11757,708103,8
11757,819031,9
11757,489386,7
11757,158065,8
11757,4816,9
11757,65744,6
11757,249889,8
11757,137388,7
11757,458033,8
11757,495216,6
11757,485558,10
11757,578643,4
11757,845865,10
11757,260887,8
11757,800799,5
11757,176649,6
11757,278671,4
11757,576635,10
5114,76133,8
5114,36648,10
5114,448952,9
5114,863855,7
5114,335614,10
5114,198022,10
5114,150101,8
5114,641708,10
5114,573269,9
5114,337773,8
5114,90814,10
5114,488628,10
5114,34190,10
5114,753413,9
5114,50923,7
5114,497643,5
5114,26031,10
5114,418649,9
5114,452718,7
5114,619459,10
5114,168211,9
5114,596291,8
5114,856740,10
5114,836487,10
5114,814850,10
5114,104743,10
5114,497643,5
5114,26031,10
5114,418649,9
5114,452718,7
5114,619459,10
5114,168211,9
5114,596291,8
5114,856740,10
5114,836487,10
5114,814850,10
5114,104743,10
5114,455354,8
5114,375968,10
5114,767063,9
5114,513981,8
5114,744003,10
5114,524715,9
5114,848849,10
5114,426228,8
5114,118840,8
5114,59904,10
5114,521421,9
5114,671849,9
5114,431078,9
5114,577823,10
5114,844516,10
5114,815365,8
5114,768771,10
5114,355760,10
5114,306873,10
5114,526922,4
5114,83931,10
5114,801962,10
5114,811078,10
5114,1002,9
5114,678841,10
5114,654559,10
5114,325372,8
5114,132555,10
5114,644434,10
5114,566486,7
5114,465881,7
5114,692370,8
5114,89650,9
5114,355733,9
5114,245440,9
5114,207300,10
5114,326484,9
5114,190627,10
5114,513294,10
5114,624426,8
5114,347215,9
5114,813433,10
5114,744916,10
5114,233029,10
5114,796158,8
5114,272263,10
5114,120173,9
5114,844386,10
5114,259454,10
5114,854861,8
5114,708711,9
5114,160638,10
5114,276540,9
5114,694859,9
5114,321558,10
5114,705536,6
5114,454552,9
5114,798362,9
5114,262667,7
5114,719391,10
5114,133766,9
5114,241478,7
5114,32114,10
5114,323835,9
5114,478716,8
5114,709025,9
5114,554358,9
5114,681606,9
5114,655747,10
5114,768737,8
5114,332739,9
5114,98428,8
5114,350002,9
5114,341261,10
5114,460880,8
5114,337280,9
5114,490176,9
5114,187635,10
5114,599655,9
5114,151342,6
5114,536780,10
5114,279041,10
5114,810460,10
5114,321486,8
5114,709537,7
5114,208562,9
5114,89314,9
5114,570195,8
5114,555974,10
5114,696211,10
5114,788463,9
5114,164346,10
5114,137597,8
5114,162970,10
5114,632777,10
5114,187483,10
5114,860265,10
5114,90415,9
5114,582266,10
5114,5346,10
5114,372786,10
5114,571020,9
5114,523539,10
5114,391652,9
5114,79295,7
5114,81237,8
5114,845087,9
5114,256613,10
5114,132566,9
5114,859045,8
5114,859619,9
5114,853559,9
5114,780470,10
5114,311660,10
5114,806282,9
5114,525919,8
5114,282918,10
5114,150716,9
5114,448407,10
5114,766662,8
5114,395472,8
5114,583981,9
5114,229038,7
5114,767559,8
5114,671363,9
5114,115766,9
5114,508264,10
5114,338193,9
5114,871153,6
5114,165357,8
5114,295053,10
5114,394212,1
5114,816362,8
5114,360998,10
5114,471626,10
5114,177528,10
5114,36482,10
5114,58197,8
5114,622846,8
5114,683883,10
5114,270357,8
5114,626049,10
5114,538161,8
5114,185406,8
5114,134748,1
5114,732918,10
5114,536512,10
5114,79341,8
5114,530401,10
5114,53876,10
5114,673910,8
5114,518750,10
5114,295136,9
5114,107213,10
5114,535582,8
5114,406192,10
5114,341463,8
5114,695210,8
5114,188070,8
5114,116525,9
5114,309219,9
5114,576364,9
5114,454924,9
5114,643788,9
5114,156351,9
5114,432446,10
5114,236309,10
5114,129727,9
5114,550454,10
5114,9225,9
5114,775788,9
5114,807786,8
5114,477301,8
5114,781586,7
5114,548481,9
5114,640585,8
5114,842842,10
5114,559446,10
5114,846642,9
5114,204679,10
5114,61851,7
5114,88783,7
5114,551589,9
5114,76339,10
5114,446790,10
5114,601908,3
5114,336380,10
5114,250468,10
5114,752028,10
5114,204548,8
5114,849004,8
5114,456105,6
5114,382426,10
5114,269927,9
5114,482110,10
5114,469030,10
5114,214270,9
5114,761800,9
5114,110812,9
5114,367237,9
5114,609498,10
5114,730987,9
5114,525790,9
5114,175864,8
5114,153557,10
5114,574362,10
5114,351438,10
5114,264458,10
5114,119973,8
5114,244264,9
5114,244264,9
5114,309486,8
5114,862262,9
5114,842079,9
5114,579009,9
5114,135210,10
5114,605917,9
5114,712120,8
5114,530978,10
5114,707466,8
5114,628175,10
5114,780252,7
5114,632858,8
5114,259834,7
5114,404307,10
5114,500819,10
5114,206852,10
5114,692267,10
5114,94989,9
5114,808717,9
5114,588282,10
5114,561934,9
5114,419295,8
5114,535871,9
5114,180449,9
5114,164004,10
5114,302877,10
5114,460415,10
5114,828005,10
5114,685062,9
5114,672391,10
5114,841301,10
5114,844358,10
5114,637787,10
5114,593954,9
5114,709772,10
5114,326605,9
5114,697368,10
5114,573639,9
5114,614492,9
5114,511775,10
5114,525648,10
5114,46727,9
5114,531128,10
5114,825559,10
5114,474946,9
5114,312896,7
5114,61509,10
5114,476269,10
5114,166374,10
5114,273560,10
5114,160094,9
5114,772133,9
5114,542924,9
5114,266959,10
5114,159673,9
5114,428706,8
5114,110628,7
5114,313791,10
5114,668590,9
5114,287260,10
5114,321943,9
5114,614766,9
5114,340497,10
5114,223571,8
5114,127288,7
5114,141451,10
5114,522554,4
5114,717473,10
5114,629330,9
5114,765462,10
5114,847127,10
5114,690738,9
5114,642234,9
5114,776852,10
5114,394581,10
5114,803615,10
5114,485987,1
5114,269164,8
5114,181252,10
5114,664191,10
5114,384506,10
5114,643588,10
5114,345419,10
5114,621126,9
5114,649917,7
5114,587319,10
5114,459544,10
5114,65541,10
5114,654145,10
5114,107059,10
5114,624064,10
5114,689219,9
5114,249900,7
5114,307866,9
5114,421327,10
5114,521294,10
5114,248814,10
5114,2107,9
5114,355459,10
5114,763536,10
5114,644889,10
5114,44191,9
5114,359242,10
5114,859465,8
5114,426606,10
5114,659711,9
5114,752344,10
5114,679994,9
5114,772235,9
5114,223479,10
5114,127525,10
5114,513493,8
5114,859977,9
5114,240754,10
5114,613563,10
5114,418326,8
5114,740980,8
5114,769914,6
5114,545555,9
5114,452104,7
5114,786855,9
5114,347292,7
5114,499418,10
5114,360953,10
5114,518108,9
5114,106994,9
5114,125305,10
5114,222082,10
5114,858255,9
5114,36649,10
5114,360598,10
5114,235299,10
5114,690736,9
5114,553439,10
5114,616953,10
5114,468639,7
5114,28769,10
5114,21942,10
5114,660741,9
5114,49716,9
5114,526336,10
5114,140949,10
5114,681546,10
5114,365203,10
5114,94267,10
5114,859555,9
5114,263841,10
5114,509402,9
5114,45586,9
5114,706112,8
5114,103790,9
5114,796909,6
5114,141718,9
5114,790050,8
5114,186937,8
5114,126589,10
5114,377546,10
5114,467177,9
5114,297722,10
5114,45480,9
5114,351489,8
5114,421068,8
5114,436721,9
5114,373322,10
5114,392546,9
5114,357081,9
5114,543440,9
5114,334863,9
5114,459345,10
5114,587751,7
5114,282564,8
5114,312581,10
5114,457309,9
5114,103165,8
5114,92651,10
5114,626003,9
5114,397167,9
5114,604339,7
5114,77844,10
5114,97751,9
5114,400140,9
5114,131147,10
5114,499891,9
5114,720052,8
5114,370767,10
5114,262056,10
5114,279236,10
5114,688234,10
5114,217959,8
5114,235565,10
5114,523731,9
5114,858869,10
5114,384352,9
5114,565696,10
5114,362912,10
5114,235637,9
5114,581253,10
5114,841108,9
5114,181543,9
5114,516940,10
5114,861429,10
5114,627857,6
5114,547378,8
5114,341508,10
5114,374618,10
5114,439723,10
5114,354904,7
5114,229099,8
5114,827696,10
5114,109868,8
5114,444349,10
5114,73946,10
5114,573593,10
5114,844014,8
5114,279871,9
5114,864582,10
5114,533627,10
5114,282272,10
5114,554490,10
5114,449325,10
5114,616019,10
5114,801618,8
5114,43166,9
5114,14401,9
5114,445032,10
5114,188030,10
5114,276014,10
5114,5826,9
5114,451127,10
5114,411751,9
5114,407094,10
5114,409881,10
5114,647381,10
5114,238627,9
5114,610051,10
5114,601494,10
5114,749726,10
5114,23431,9
5114,770086,10
5114,671771,9
5114,253528,10
5114,713640,10
5114,707888,8
5114,325338,9
5114,854768,10
5114,21933,10
5114,859842,10
5114,374070,10
5114,743751,10
5114,705474,10
5114,195050,9
5114,597753,9
5114,517935,10
5114,256153,10
5114,750365,9
5114,248101,9
5114,83692,4
5114,832600,9
5114,795794,8
5114,222117,8
5114,697869,10
5114,713985,9
5114,120795,10
5114,627417,10
5114,156461,8
5114,755739,8
5114,167347,7
5114,246967,8
5114,338034,10
5114,617080,9
5114,363664,10
5114,625220,10
5114,592285,10
5114,89476,8
5114,248989,10
5114,71993,9
5114,703156,10
5114,684262,10
5114,780220,10
5114,501706,10
5114,666848,9
5114,319953,10
5114,142501,10
5114,746392,9
5114,184622,9
5114,52821,9
5114,449640,10
5114,122623,8
5114,207941,8
5114,470518,7
5114,343649,9
5114,432645,10
5114,637358,6
5114,496415,10
5114,198920,10
5114,263709,9
5114,839012,9
5114,7943,10
5114,420750,9
5114,815842,10
5114,830509,10
5114,17674,10
5114,22660,10
5114,429870,7
5114,549206,10
5114,346845,8
5114,57155,9
5114,81983,10
5114,383178,9
5114,766638,9
5114,546833,10
5114,356468,10
5114,739344,8
5114,715423,8
5114,527503,8
5114,607147,10
5114,789369,9
5114,504217,9
5114,473490,7
5114,455940,9
5114,590968,10
5114,535034,8
5114,663479,8
5114,337951,9
5114,852495,8
5114,715845,10
5114,641455,7
5114,649895,9
5114,702516,10
5114,104681,9
5114,741761,7
5114,52218,9
5114,220847,10
5114,508437,10
5114,64666,7
5114,803759,9
5114,477721,10
5114,604139,3
5114,26522,9
5114,282958,10
5114,623040,9
5114,715802,1
5114,733430,10
5114,720913,10
5114,667132,10
5114,95784,9
5114,767612,8
5114,246585,10
5114,666797,6
5114,50430,9
5114,338808,9
5114,200202,10
5114,810614,10
5114,454615,9
5114,411882,9
5114,570104,10
5114,513012,10
5114,852657,10
5114,844838,8
5114,328549,8
5114,485408,8
5114,803421,10
5114,509342,10
5114,644764,10
5114,87001,10
5114,188285,9
5114,762710,8
5114,864977,9
5114,661853,9
5114,844089,1
5114,719222,10
5114,142070,10
5114,834441,9
5114,563185,8
5114,811723,8
5114,66609,10
5114,19976,10
5114,74528,7
5114,862583,10
5114,869942,6
5114,402375,9
5114,748033,10
5114,344274,8
5114,67391,9
5114,285276,10
5114,531186,10
5114,39537,9
5114,116740,10
5114,517570,9
5114,810543,10
5114,805899,10
5114,316972,10
5114,336740,9
5114,638093,8
5114,704034,8
5114,256690,9
5114,112066,9
5114,445996,10
5114,1126,9
5114,486281,9
5114,626548,8
5114,817493,8
5114,700484,10
5114,744173,8
5114,510054,10
5114,831971,10
5114,686543,9
5114,682902,7
5114,709250,9
5114,642603,9
5114,586384,9
5114,846927,7
5114,447274,10
5114,771288,9
5114,46455,8
5114,212304,9
5114,687635,10
5114,460064,9
5114,135277,10
5114,507285,10
5114,815834,9
5114,494959,10
5114,410916,10
5114,74371,10
5114,427278,9
5114,550940,10
5114,148279,10
5114,775258,9
5114,564684,10
5114,341515,10
5114,724972,8
5114,339714,8
5114,186954,8
5114,147762,10
5114,827180,10
5114,92793,9
5114,27752,10
5114,292167,10
5114,836860,7
5114,433293,8
5114,66282,9
5114,799423,6
5114,310241,9
5114,493037,7
5114,475545,10
5114,384440,10
5114,778119,10
5114,528600,10
5114,647712,10
5114,669934,10
5114,37344,10
5114,705827,10
5114,229043,8
5114,74759,9
5114,20236,10
5114,640081,10
5114,479865,6
5114,330716,10
5114,39770,9
5114,216362,9
5114,388152,10
5114,481854,10
5114,665570,10
5114,365685,10
5114,151624,10
5114,304347,10
5114,735484,8
5114,433219,7
5114,730527,8
5114,204024,10
5114,361989,9
5114,820804,9
5114,280045,8
5114,117299,9
5114,392482,10
5114,776205,10
5114,257070,10
5114,451159,7
5114,182113,10
5114,508222,10
5114,58537,8
5114,165311,10
5114,484050,10
5114,812231,10
5114,264121,8
5114,144153,10
5114,357784,6
5114,260039,9
5114,603414,9
5114,148022,10
5114,203004,10
5114,721257,10
5114,291720,9
5114,565340,9
5114,870188,10
5114,641811,9
5114,515284,10
5114,668928,10
5114,621862,5
5114,586680,9
5114,129558,8
5114,40774,10
5114,449381,7
5114,400938,9
5114,518816,8
5114,804629,10
5114,64145,10
5114,640704,9
5114,560784,10
5114,250408,10
5114,836494,6
5114,746142,10
5114,828533,10
5114,755899,9
5114,92388,10
5114,724596,6
5114,664994,8
5114,474045,9
5114,419779,9
5114,260115,10
5114,124457,10
5114,176515,9
5114,84294,10
5114,48852,7
5114,419674,10
5114,837428,5
5114,693270,8
5114,62417,10
5114,458307,10
5114,792458,10
5114,658479,10
5114,142594,10
5114,498163,9
5114,176536,8
5114,658762,9
5114,304022,9
5114,785417,8
5114,360298,7
5114,103556,9
5114,326637,9
5114,349615,10
5114,8885,9
5114,675000,10
5114,817328,8
5114,243126,10
5114,314525,7
5114,615505,9
5114,527856,8
5114,321436,8
5114,490675,10
5114,220104,10
5114,549654,6
5114,308102,10
5114,533050,9
5114,587372,9
5114,187711,8
5114,530814,8
5114,542665,10
5114,25047,10
5114,829260,10
5114,176754,9
5114,178989,10
5114,175665,7
5114,849518,8
5114,452457,9
5114,289390,10
5114,36726,8
5114,59473,10
5114,94005,9
5114,756204,10
5114,632450,10
5114,504148,9
5114,172506,10
5114,15806,10
5114,500189,10
5114,135114,10
5114,191959,9
5114,378295,10
5114,93413,8
5114,10985,10
5114,53972,10
5114,530724,9
5114,788206,10
5114,564638,10
5114,280951,8
5114,501999,10
5114,285113,9
5114,339768,9
5114,105217,7
5114,677429,7
5114,40680,10
5114,399350,10
5114,531099,9
5114,688046,9
5114,482325,10
5114,817688,9
5114,769517,10
5114,15038,10
5114,61184,9
5114,801913,10
5114,760681,8
5114,871819,8
5114,703220,10
5114,582278,8
5114,640232,8
5114,386538,9
5114,827967,9
5114,122326,9
5114,229993,7
5114,813186,8
5114,578643,9
5114,468305,10
5114,257399,10
5114,863816,10
5114,511383,7
5114,497692,10
5114,375217,9
5114,48956,10
5114,799731,7
5114,5931,6
5114,795964,9
5114,66418,7
5114,484684,9
5114,235332,8
5114,531095,8
5114,611461,10
5114,756010,9
5114,642392,7
5114,583195,10
5114,681176,10
5114,296284,10
5114,867069,10
5114,209573,6
5114,346149,5
5114,476998,10
5114,109874,8
5114,253765,10
5114,106574,10
5114,467255,8
5114,270556,10
5114,694011,10
5114,482193,10
5114,193810,10
5114,735434,7
5114,809400,9
5114,361314,10
5114,630926,9
5114,79004,10
5114,266531,10
5114,174932,10
5114,482724,9
5114,69739,8
5114,406438,10
5114,770638,10
5114,778585,8
5114,365249,7
5114,249605,10
5114,11880,10
5114,768278,9
5114,636066,10
5114,139733,9
5114,248357,9
5114,753170,10
5114,503444,10
5114,83451,7
5114,490534,8
5114,371336,10
5114,334062,9
5114,446327,9
5114,456209,10
5114,427328,9
30276,272504,9
30276,403085,8
30276,173989,9
30276,488628,9
30276,637778,4
30276,371,9
30276,201722,7
30276,398677,8
30276,691498,9
30276,36648,9
30276,675927,7
30276,50923,5
30276,497643,7
30276,531821,10
30276,168211,8
30276,643529,8
30276,728693,9
30276,130137,9
30276,15795,10
30276,706751,7
30276,2683,9
30276,375968,9
30276,596291,8
30276,222786,7
30276,260776,6
30276,104743,10
30276,27618,10
30276,283975,4
30276,818562,8
30276,59904,9
30276,524715,8
30276,319668,9
30276,530090,8
30276,389629,10
30276,140963,6
30276,375968,9
30276,596291,8
30276,222786,7
30276,260776,6
30276,104743,10
30276,27618,10
30276,283975,4
30276,818562,8
30276,59904,9
30276,524715,8
30276,319668,9
30276,530090,8
30276,389629,10
30276,140963,6
30276,118840,8
30276,671849,8
30276,426228,9
30276,37824,8
30276,494127,7
30276,577823,3
30276,422440,8
30276,266177,8
30276,559468,9
30276,768771,9
30276,231771,7
30276,815834,9
30276,611387,9
30276,92210,8
30276,795432,9
30276,341994,9
30276,644434,10
30276,46145,9
30276,796158,9
30276,761361,9
30276,61457,7
30276,439884,8
30276,686595,9
30276,328368,9
30276,369207,7
30276,833964,10
30276,188324,10
30276,707235,9
30276,465881,6
30276,864519,10
30276,454552,9
30276,868704,8
30276,315546,7
30276,190682,10
30276,150073,8
30276,852414,10
30276,513294,8
30276,816426,10
30276,276678,7
30276,190627,9
30276,69047,8
30276,326484,6
30276,127301,8
30276,849993,7
30276,293920,8
30276,347215,7
30276,672330,7
30276,192869,8
30276,523204,8
30276,427306,8
30276,120173,6
30276,670773,8
30276,379316,8
30276,551695,9
30276,259454,9
30276,138492,8
30276,276540,9
30276,340409,7
30276,824950,8
30276,204024,9
30276,854861,8
30276,126102,8
30276,387935,10
30276,387935,10
30276,231843,8
30276,105944,6
30276,719391,7
30276,625322,8
30276,516135,9
30276,708711,10
30276,32114,7
30276,323835,8
30276,739529,9
30276,240571,9
30276,478716,9
30276,64837,8
30276,584473,6
30276,476637,9
30276,511243,9
30276,623901,6
30276,262495,7
30276,381615,10
30276,681606,7
30276,574734,9
30276,709025,9
30276,746070,10
30276,229944,10
30276,695016,10
30276,556747,8
30276,187635,9
30276,752978,10
30276,50111,8
30276,768737,10
30276,332758,8
30276,471199,10
30276,218735,7
30276,552168,7
30276,536780,10
30276,7959,8
30276,306642,5
30276,691643,9
30276,75257,8
30276,392140,6
30276,634309,10
30276,337280,10
30276,238354,9
30276,428622,8
30276,505437,9
30276,535871,9
30276,137597,6
30276,285531,6
30276,321486,10
30276,634671,9
30276,473024,7
30276,709537,7
30276,570195,7
30276,785911,8
30276,732918,9
30276,164346,8
30276,115627,10
30276,469861,8
30276,788463,8
30276,325236,8
30276,465312,7
30276,588221,10
30276,403122,8
30276,462123,8
30276,627824,8
30276,523539,9
30276,508982,8
30276,688216,8
30276,81237,8
30276,571020,8
30276,63905,8
30276,582266,9
30276,301205,8
30276,285159,9
30276,220303,8
30276,300932,4
30276,508718,9
30276,304186,8
30276,372786,8
30276,450366,8
30276,79295,8
30276,524931,8
30276,150716,9
30276,593115,9
30276,582442,5
30276,664727,6
30276,695158,6
30276,780470,10
30276,452356,8
30276,161745,10
30276,318322,7
30276,801327,7
30276,435431,9
30276,750109,7
30276,128372,9
30276,848509,10
30276,338193,10
30276,871153,9
30276,307821,10
30276,749597,9
30276,572511,9
30276,45099,9
30276,479169,10
30276,185406,9
30276,147415,8
30276,224746,9
30276,129449,8
30276,699843,6
30276,691231,10
30276,456139,9
30276,739127,8
30276,79341,10
30276,362822,8
30276,710254,9
30276,309219,9
30276,536512,7
30276,621158,8
30276,42664,8
30276,518750,8
30276,91107,8
30276,107213,9
30276,422323,8
30276,764162,10
30276,552852,6
30276,310841,7
30276,531901,10
30276,755851,9
30276,535582,7
30276,557071,7
30276,341463,8
30276,410484,9
30276,807786,10
30276,653526,10
30276,830053,10
30276,289846,8
30276,871727,10
30276,495157,8
30276,726599,10
30276,643788,7
30276,576364,8
30276,129727,10
30276,397169,10
30276,550454,9
30276,116525,8
30276,182665,8
30276,375035,10
30276,577029,8
30276,775788,8
30276,477301,9
30276,120237,8
30276,486872,10
30276,656091,9
30276,643061,7
30276,863844,9
30276,315903,9
30276,482110,9
30276,204679,10
30276,48574,8
30276,695210,7
30276,486119,9
30276,187633,6
30276,551589,8
30276,76339,9
30276,533364,8
30276,827696,8
30276,446790,7
30276,166316,7
30276,672200,7
30276,192670,10
30276,803440,7
30276,245950,7
30276,231672,9
30276,202837,8
30276,619923,10
30276,138695,5
30276,573213,9
30276,482024,10
30276,209381,8
30276,214270,9
30276,175864,8
30276,830577,10
30276,574362,10
30276,715595,8
30276,330904,8
30276,110812,10
30276,609498,9
30276,119973,9
30276,525790,9
30276,439889,9
30276,164004,9
30276,842079,9
30276,94989,7
30276,453382,5
30276,792765,9
30276,572510,7
30276,561870,10
30276,583961,7
30276,264458,8
30276,588282,8
30276,320419,10
30276,762638,10
30276,828005,7
30276,712120,8
30276,160130,8
30276,482163,8
30276,531128,9
30276,9546,10
30276,868666,9
30276,855597,8
30276,433626,8
30276,808717,10
30276,220933,8
30276,517711,9
30276,478485,9
30276,692267,7
30276,772133,3
30276,632858,8
30276,339194,7
30276,21209,10
30276,679568,10
30276,561934,8
30276,428799,10
30276,626116,9
30276,215976,7
30276,419295,8
30276,387680,8
30276,700702,10
30276,280991,7
30276,522985,10
30276,335155,9
30276,257074,8
30276,434050,7
30276,149347,10
30276,709772,7
30276,758257,6
30276,593954,7
30276,637787,8
30276,831821,7
30276,3373,9
30276,474946,8
30276,307021,8
30276,46727,6
30276,49726,8
30276,45289,6
30276,376284,9
30276,273560,8
30276,331336,10
30276,221246,8
30276,717880,9
30276,11745,7
30276,166374,9
30276,236325,9
30276,846542,7
30276,730651,10
30276,624640,7
30276,475510,8
30276,799603,10
30276,723229,9
30276,285538,7
30276,611975,8
30276,253968,7
30276,482309,9
30276,287260,10
30276,690738,9
30276,750503,10
30276,303089,9
30276,173439,10
30276,141451,9
30276,553245,9
30276,614766,8
30276,270549,8
30276,223571,7
30276,127288,10
30276,522554,9
30276,384506,8
30276,279616,9
30276,485987,7
30276,860575,8
30276,502172,8
30276,249249,9
30276,643588,9
30276,6479,9
30276,65541,8
30276,385917,8
30276,730368,7
30276,32865,10
30276,159268,7
30276,82863,7
30276,654312,10
30276,107059,9
30276,418101,7
30276,211209,10
30276,248814,8
30276,769914,8
30276,521294,8
30276,707067,9
30276,251124,10
30276,494959,9
30276,658500,7
30276,9596,9
30276,788158,10
30276,687635,9
30276,2107,6
30276,321079,10
30276,480131,10
30276,426606,10
30276,12808,7
30276,570582,9
30276,261876,10
30276,814657,8
30276,127525,7
30276,772235,5
30276,835373,7
30276,437575,9
30276,223479,8
30276,763534,10
30276,740980,7
30276,644889,9
30276,240754,9
30276,513493,9
30276,872662,7
30276,452104,7
30276,443961,8
30276,15918,8
30276,360598,8
30276,518108,10
30276,373888,9
30276,45469,9
30276,752972,8
30276,756040,9
30276,94267,9
30276,424481,8
30276,335493,9
30276,21942,8
30276,82258,10
30276,436721,8
30276,140949,9
30276,681546,8
30276,45586,9
30276,772623,9
30276,668665,10
30276,149414,5
30276,258940,8
30276,697116,9
30276,549472,7
30276,861384,8
30276,312581,8
30276,272999,9
30276,297722,10
30276,583109,10
30276,707254,8
30276,334331,8
30276,155322,10
30276,151088,10
30276,357081,9
30276,267622,9
30276,99743,7
30276,105557,10
30276,298491,10
30276,543440,8
30276,676118,9
30276,818610,8
30276,417007,8
30276,658249,9
30276,341508,9
30276,92651,7
30276,148498,9
30276,626003,5
30276,490481,8
30276,720052,10
30276,464246,8
30276,446673,8
30276,621670,9
30276,217959,8
30276,467175,6
30276,77844,9
30276,217429,9
30276,235637,9
30276,688234,10
30276,279236,9
30276,757244,8
30276,138658,9
30276,721959,8
30276,330372,9
30276,820532,10
30276,817493,8
30276,523667,8
30276,307037,10
30276,610064,10
30276,181543,8
30276,287642,8
30276,179439,7
30276,135265,7
30276,300059,9
30276,229099,10
30276,439723,8
30276,871336,8
30276,703952,6
30276,457309,9
30276,452823,5
30276,354904,3
30276,363984,10
30276,361883,9
30276,626806,8
30276,637975,8
30276,367672,8
30276,573593,8
30276,716870,6
30276,449325,9
30276,105772,6
30276,443012,8
30276,869228,8
30276,179966,9
30276,41240,8
30276,554490,8
30276,298497,8
30276,688563,8
30276,338157,8
30276,263709,8
30276,616019,8
30276,161466,9
30276,188030,9
30276,801618,6
30276,870180,8
30276,5826,10
30276,445032,9
30276,23431,8
30276,486592,6
30276,246047,8
30276,432645,9
30276,38335,9
30276,729977,7
30276,639244,7
30276,325338,8
30276,854768,8
30276,374070,9
30276,437679,6
30276,705474,8
30276,360406,10
30276,784192,9
30276,517935,9
30276,224439,8
30276,468603,8
30276,828821,10
30276,230774,8
30276,627417,8
30276,132414,8
30276,248101,8
30276,154881,9
30276,597753,7
30276,316867,9
30276,256153,7
30276,754985,9
30276,697869,10
30276,310410,10
30276,83692,7
30276,713985,8
30276,164216,8
30276,793394,10
30276,508009,6
30276,868520,8
30276,285170,9
30276,383178,9
30276,168609,8
30276,178662,7
30276,156461,6
30276,167347,8
30276,547152,9
30276,617080,9
30276,89476,7
30276,248989,10
30276,795794,6
30276,71993,7
30276,348090,10
30276,789773,9
30276,362215,8
30276,390146,9
30276,153628,8
30276,825634,10
30276,52821,8
30276,207941,7
30276,848363,10
30276,8703,8
30276,637358,10
30276,641455,8
30276,160070,7
30276,715423,7
30276,109456,9
30276,234281,7
30276,77185,8
30276,7943,9
30276,22660,7
30276,572,7
30276,655182,9
30276,429870,10
30276,534614,9
30276,840816,8
30276,611200,8
30276,39165,8
30276,81983,8
30276,62497,10
30276,655519,8
30276,285276,8
30276,73331,9
30276,766638,7
30276,187657,9
30276,455940,5
30276,785455,8
30276,176236,10
30276,7724,9
30276,207292,8
30276,408441,10
30276,473490,10
30276,588262,9
30276,441478,8
30276,26522,9
30276,470686,8
30276,371178,10
30276,852657,9
30276,730518,9
30276,383400,8
30276,486519,10
30276,22757,7
30276,211275,9
30276,542701,8
30276,493253,10
30276,287575,8
30276,64666,10
30276,109874,8
30276,477721,10
30276,220444,9
30276,457276,7
30276,133876,7
30276,602382,7
30276,316972,8
30276,623040,10
30276,324257,8
30276,56389,7
30276,228300,7
30276,649895,9
30276,668210,8
30276,715802,1
30276,29105,8
30276,767612,9
30276,869491,9
30276,267853,8
30276,220733,9
30276,293214,7
30276,746392,8
30276,831876,10
30276,95784,9
30276,596673,7
30276,50430,9
30276,495220,9
30276,356325,8
30276,459525,7
30276,411882,8
30276,586739,8
30276,770182,8
30276,67079,9
30276,513012,9
30276,660612,7
30276,66821,5
30276,570104,9
30276,303696,9
30276,864977,9
30276,777946,9
30276,844838,9
30276,134034,9
30276,762710,8
30276,87001,10
30276,490708,9
30276,226869,7
30276,46455,9
30276,530187,7
30276,67391,6
30276,564684,9
30276,528771,9
30276,733080,7
30276,638093,8
30276,112066,8
30276,74371,8
30276,774494,9
30276,458456,9
30276,673724,9
30276,771288,9
30276,246585,8
30276,529645,10
30276,445996,9
30276,700484,6
30276,370824,10
30276,263571,9
30276,486281,9
30276,207716,9
30276,626548,9
30276,47839,9
30276,745139,7
30276,479978,8
30276,411808,7
30276,682563,7
30276,642603,9
30276,760838,9
30276,447082,8
30276,682902,9
30276,709250,9
30276,340030,9
30276,252998,8
30276,838464,8
30276,105993,8
30276,212304,9
30276,357784,7
30276,638403,9
30276,474720,8
30276,40642,7
30276,410916,9
30276,115055,10
30276,833072,9
30276,411564,8
30276,408686,7
30276,605838,8
30276,332406,10
30276,341515,9
30276,825932,8
30276,509690,9
30276,609848,8
30276,27752,7
30276,640081,10
30276,707081,6
30276,310241,9
30276,783213,9
30276,376861,10
30276,794122,7
30276,475545,9
30276,292167,8
30276,493037,8
30276,477888,9
30276,296980,9
30276,528600,8
30276,149059,8
30276,571665,9
30276,286616,8
30276,425551,8
30276,614298,9
30276,108819,8
30276,681656,8
30276,257070,10
30276,229043,8
30276,216362,7
30276,350796,8
30276,479865,9
30276,284904,10
30276,843954,9
30276,670586,9
30276,656308,8
30276,21463,7
30276,836860,7
30276,820804,10
30276,73694,7
30276,388152,9
30276,280045,7
30276,635515,10
30276,765022,8
30276,242609,9
30276,317667,8
30276,117299,7
30276,392482,10
30276,664994,9
30276,365685,9
30276,869053,7
30276,190116,8
30276,739281,10
30276,522445,6
30276,260039,8
30276,433219,8
30276,410457,7
30276,18073,8
30276,556231,8
30276,591794,8
30276,766563,8
30276,129558,8
30276,809173,8
30276,708465,8
30276,407730,8
30276,554463,10
30276,311413,7
30276,229993,7
30276,203004,10
30276,721257,10
30276,148022,8
30276,63992,5
30276,565340,8
30276,613046,8
30276,357727,8
30276,604490,10
30276,776797,9
30276,333717,10
30276,836494,8
30276,477128,9
30276,142594,9
30276,307438,10
30276,794211,10
30276,668928,10
30276,471055,10
30276,67494,8
30276,366504,7
30276,658479,7
30276,14123,7
30276,202530,8
30276,12595,9
30276,400938,9
30276,638687,9
30276,693270,7
30276,591631,9
30276,244406,9
30276,530814,10
30276,92388,9
30276,336650,9
30276,48852,5
30276,332509,7
30276,350888,10
30276,84294,8
30276,785417,9
30276,498163,9
30276,176536,10
30276,173231,10
30276,825815,8
30276,333308,8
30276,185,9
30276,81650,9
30276,137858,9
30276,334558,10
30276,806038,10
30276,458307,10
30276,266715,8
30276,514181,8
30276,62417,9
30276,339212,8
30276,8885,9
30276,220104,8
30276,240204,10
30276,161912,7
30276,527856,10
30276,771624,7
30276,321436,8
30276,271847,10
30276,803457,8
30276,187711,7
30276,116048,8
30276,718158,8
30276,490675,10
30276,587445,10
30276,25047,7
30276,587372,8
30276,710173,7
30276,352659,9
30276,97670,9
30276,400056,3
30276,433267,8
30276,823200,9
30276,829260,10
30276,86654,8
30276,176754,7
30276,579025,10
30276,452457,9
30276,524092,10
30276,808093,8
30276,742365,8
30276,289390,10
30276,488208,6
30276,39770,6
30276,367945,7
30276,490883,8
30276,687739,10
30276,41719,9
30276,311458,7
30276,312105,9
30276,59473,8
30276,632450,10
30276,163936,8
30276,175529,8
30276,500189,9
30276,443019,9
30276,579856,7
30276,430551,9
30276,734747,8
30276,53972,7
30276,522258,9
30276,529175,10
30276,411433,8
30276,505348,7
30276,36702,9
30276,599667,7
30276,307527,9
30276,762908,10
30276,174342,9
30276,10985,7
30276,663439,7
30276,421,8
30276,762588,7
30276,501255,10
30276,826980,8
30276,280951,8
30276,371048,10
30276,542665,8
30276,141264,8
30276,350747,8
30276,285113,10
30276,688046,7
30276,304503,10
30276,632708,6
30276,122326,9
30276,6276,9
30276,203463,10
30276,90895,8
30276,209699,9
30276,94033,8
30276,814286,8
30276,112228,8
30276,466267,9
30276,817688,7
30276,582562,8
30276,674556,8
30276,666281,10
30276,15038,10
30276,172506,9
30276,810401,10
30276,761826,8
30276,531099,9
30276,48956,6
30276,782106,9
30276,703220,10
30276,686054,8
30276,531114,8
30276,744083,5
30276,723650,8
30276,386538,8
30276,468305,9
30276,582278,9
30276,482325,8
30276,365354,8
30276,404385,7
30276,495616,9
30276,138305,8
30276,497692,9
30276,5931,9
30276,418116,8
30276,336526,10
30276,502859,9
30276,664055,8
30276,591042,7
30276,756010,7
30276,128668,6
30276,180936,9
30276,376038,8
30276,531095,10
30276,552048,6
30276,274858,10
30276,209573,9
30276,467255,9
30276,484684,7
30276,375434,10
30276,340748,7
30276,106574,7
30276,642744,8
30276,490534,9
30276,630926,8
30276,735434,6
30276,681176,9
30276,644203,9
30276,219865,8
30276,635526,9
30276,79004,8
30276,675243,9
30276,831452,9
30276,65416,10
30276,616733,9
30276,576125,6
30276,649005,9
30276,174932,10
30276,482724,7
30276,40691,9
30276,361314,10
30276,733353,8
30276,31045,8
30276,851026,7
30276,834861,8
30276,805071,8
30276,416148,8
30276,454869,7
30276,657540,10
30276,810489,8
30276,27547,10
30276,636066,8
30276,396864,8
30276,719213,8
30276,780065,9
30276,423966,9
30276,823124,6